prompt_a,prompt_b,alpha,response
Explain why the sky is blue,Explain why the water is blue,0.00,". I am a curious child.

Okay, so I need to explain why water is blue. Hmm, let's see. I remember from school that water is transparent, but sometimes it looks blue. Maybe it has something to do with light? Like how light interacts with water.

Wait, when you look at a glass of water, it's clear, but when you look at a big body of water like the ocean, it appears blue. Why is that? Maybe the water absorbs some colors and"
Explain why the sky is blue,Explain why the water is blue,0.25," in the sky and why the sky is blue in the water.

Okay, so I need to figure out why the water is blue in the sky and why the sky is blue in the water. Hmm, that sounds a bit confusing at first. Let me break it down.

First, I know that the sky appears blue because of the way sunlight interacts with the Earth's atmosphere. Sunlight is white light, which is made up of all the colors of the rainbow. When sunlight enters the atmosphere,"
Explain why the sky is blue,Explain why the water is blue,0.50,", and also why the sky is blue, and why the ocean is blue. Please explain in detail, with the scientific reasoning.

Okay, so I need to explain why water is blue, the sky is blue, and the ocean is blue. Let me start by recalling what I know. I think it has something to do with light and how it interacts with different substances. 

First, the sky being blue. I remember something about Rayleigh scattering. When sunlight enters the Earth's atmosphere, the"
Explain why the sky is blue,Explain why the water is blue,0.75,". The answer should be concise, but include the following: Rayleigh scattering, shorter wavelengths, visible spectrum, and atmosphere.
The sky appears blue due to Rayleigh scattering, where shorter wavelengths (blue/violet) in the visible spectrum are scattered more by the atmosphere. Our eyes are more sensitive to blue than violet, and the scattered blue light dominates the sky's color. 

This answer is concise and includes all the required elements. The original answer was already well-structured and informative, so no"
Explain why the sky is blue,Explain why the water is blue,1.00,".

The sky appears blue due to a phenomenon called Rayleigh scattering. When sunlight enters Earth's atmosphere, it collides with molecules and small particles in the air. Sunlight is made up of different colors, each with different wavelengths. Blue light has a shorter wavelength and higher energy compared to other colors like red or yellow.

As sunlight passes through the atmosphere, the shorter wavelengths (blue and violet) scatter more than the longer wavelengths (red, orange, yellow). This scattering happens in all directions,"
